{"avg_reward":0,"_wandb":{"runtime":367},"_runtime":367,"avg_episode_length":0.6470501972281415,"episode_reward":0,"episode_length":1.1746623516082764,"_timestamp":1.7549908027437847e+09,"_step":459}