{"_wandb":{"runtime":445},"_runtime":445,"_step":56,"avg_reward":0,"avg_episode_length":4.984231400908086,"episode_reward":0,"episode_length":1.9102096557617188,"_timestamp":1.7549969675049975e+09}