{"episode_length":0.44457340240478516,"_timestamp":1.754994442291521e+09,"_wandb":{"runtime":375},"_runtime":375,"_step":553,"avg_reward":0,"avg_episode_length":0.4857759901762869,"episode_reward":0}