{"_step":568,"avg_reward":0,"avg_episode_length":0.47309725272006015,"episode_reward":0,"_wandb":{"runtime":415},"_runtime":415,"episode_length":0.6778182983398438,"_timestamp":1.7549962457921715e+09}